<?xml version="1.0" encoding="UTF-8"?>
<project-private xmlns="http://www.netbeans.org/ns/project-private/1">
    <editor-bookmarks xmlns="http://www.netbeans.org/ns/editor-bookmarks/2" lastBookmarkId="0"/>
    <open-files xmlns="http://www.netbeans.org/ns/projectui-open-files/2">
        <group>
            <file>file:/F:/New%20Folder/YumExpress/src/Yumxpress/Util/spoonacularAPI.java</file>
            <file>file:/F:/New%20Folder/YumExpress/src/yumexpress/CustomerRegisterFrame.java</file>
            <file>file:/F:/New%20Folder/YumExpress/src/yumexpress/CustomerLoginFrame.java</file>
            <file>file:/F:/New%20Folder/YumExpress/src/Yumxpress/DAO/ProductDAO.java</file>
            <file>file:/F:/New%20Folder/YumExpress/src/yumexpress/OrderProductFrame.java</file>
            <file>file:/F:/New%20Folder/YumExpress/src/Yumxpress/DAO/CustomerDAO.java</file>
            <file>file:/F:/New%20Folder/YumExpress/src/yumexpress/AddDeliveryStaffFrame.java</file>
            <file>file:/F:/New%20Folder/YumExpress/src/Yumxpress/pojo/CustomerPojo.java</file>
            <file>file:/F:/New%20Folder/YumExpress/src/yumexpress/ViewOrderFrame.java</file>
            <file>file:/F:/New%20Folder/YumExpress/src/Yumxpress/DAO/OrderDAO.java</file>
            <file>file:/F:/New%20Folder/YumExpress/src/Yumxpress/Util/UserProfile.java</file>
            <file>file:/F:/New%20Folder/YumExpress/src/yumexpress/OrderHistoryFrame.java</file>
            <file>file:/F:/New%20Folder/YumExpress/src/yumexpress/DeliveryStaffOptionFrame.java</file>
            <file>file:/F:/New%20Folder/YumExpress/src/yumexpress/OrderList.java</file>
            <file>file:/F:/New%20Folder/YumExpress/src/yumexpress/CustomerCartFrame.java</file>
            <file>file:/F:/New%20Folder/YumExpress/src/Yumxpress/Util/OwnerProfile.java</file>
            <file>file:/F:/New%20Folder/YumExpress/src/Yumxpress/DAO/CompanyDAO.java</file>
            <file>file:/F:/New%20Folder/YumExpress/src/Yumxpress/Util/Mailer.java</file>
            <file>file:/F:/New%20Folder/YumExpress/src/yumexpress/DeliveryStaffLoginFrame.java</file>
            <file>file:/F:/New%20Folder/YumExpress/src/yumexpress/ViewOrderHistoryFrame.java</file>
            <file>file:/F:/New%20Folder/YumExpress/src/yumexpress/AddFoodFrame.java</file>
            <file>file:/F:/New%20Folder/YumExpress/src/yumexpress/ViewFoodFrame.java</file>
            <file>file:/F:/New%20Folder/YumExpress/src/yumexpress/CustomerAccountFrame.java</file>
            <file>file:/F:/New%20Folder/YumExpress/src/Yumxpress/Util/Validator.java</file>
            <file>file:/F:/New%20Folder/YumExpress/src/yumexpress/OrderFoodFrame.java</file>
            <file>file:/F:/New%20Folder/YumExpress/src/yumexpress/SplashScreenFrame.java</file>
            <file>file:/F:/New%20Folder/YumExpress/src/yumexpress/ViewDeliveryStaffFrame.java</file>
            <file>file:/F:/New%20Folder/YumExpress/src/Yumxpress/pojo/ProductPojo.java</file>
            <file>file:/F:/New%20Folder/YumExpress/src/yumexpress/SellerOptionFrame.java</file>
            <file>file:/F:/New%20Folder/YumExpress/src/Yumxpress/Util/Demo.java</file>
            <file>file:/F:/New%20Folder/YumExpress/src/yumexpress/SellerLogin.java</file>
            <file>file:/F:/New%20Folder/YumExpress/src/Yumxpress/pojo/StaffPojo.java</file>
            <file>file:/F:/New%20Folder/YumExpress/src/Yumxpress/pojo/placeOrderPojo.java</file>
            <file>file:/F:/New%20Folder/YumExpress/src/Yumxpress/pojo/CompanyPojo.java</file>
            <file>file:/F:/New%20Folder/YumExpress/src/yumexpress/SELLER%20LOGIN.png</file>
            <file>file:/F:/New%20Folder/YumExpress/src/yumexpress/SellerRegister.java</file>
            <file>file:/F:/New%20Folder/YumExpress/src/Yumxpress/Util/PasswordEncryption.java</file>
            <file>file:/F:/New%20Folder/YumExpress/src/Yumxpress/DbUtil/DBConnection.java</file>
            <file>file:/F:/New%20Folder/YumExpress/src/yumexpress/UserVerifyFrame.java</file>
            <file>file:/F:/New%20Folder/YumExpress/src/Yumxpress/DAO/StaffDAO.java</file>
            <file>file:/F:/New%20Folder/YumExpress/src/yumexpress/CustomerOptionFrame.java</file>
            <file>file:/F:/New%20Folder/YumExpress/src/Yumxpress/pojo/OrderPojo.java</file>
        </group>
    </open-files>
</project-private>
